Cluster,Recency,Frequency,Monetary,Customer Count
0,394.9462747085656,1.3775975671566143,317.08150076026357,1973
1,28.3048,3.0536,857.4914335999999,1250
2,27.71153846153846,19.275919732441473,10731.162990802677,1196
3,230.0726525017135,5.058259081562714,1948.503932830706,1459
