Segment,Recency,Frequency,Monetary
Inactive Customers,0.0,0.0,0.0
New & Growing Customers,0.998384516822879,0.09364019807924331,0.051892232008790964
VIP Customers,1.0,0.9999999999999998,1.0
At-Risk Valuable Customers,0.4489597685986515,0.20564282397067474,0.15665543174694305
